"text","emotion","polarity"
" second half city get us under way again cityvlfc mcfc n n ud d udd ud d udd t co vnttklwrt ","sadness","negative"
" karakanayasoka wa vokoli maragoli ni game poa wazito natakia ti u ","unknown","negative"
" um","unknown","positive"
" we bottled","unknown","positive"
" semoga musim depan klopp eveluasi lagi dan lfc punya striker bertipe n perusak prahara rumah tangga lawan t co sbtimr bcd ","anger","positive"
" living life on the edge defensively","unknown","positive"
" pep guardiola u cthis is one of the happiest days of my life as a manager how we played against liverpool means a l u ","joy","positive"
" liverpool fc manchester city liverpool follow live coverage t co hvigdttgup lfc ","joy","positive"
" come on you red men","unknown","positive"
" was vital not to lose that","unknown","neutral"
" it has everything but goals so far ud d udd ud d udd t co qx otj ","unknown","positive"
" what a bloody tackle from milner fernandinho is comical mcfc mciliv lfc ","unknown","negative"
" great game so open","joy","neutral"
" what a goal that would ve been mciliv ","unknown","positive"
" le rateeeeeeeeeee de l anneeeeeeeeeeeeeee n mciliv ","unknown","positive"
" not a penalty because reasons lfc ","unknown","negative"
" james milner scored liverpool s th penalty in all competed recorded at lfc n n t co vphrz cw h ","unknown","negative"
" it s been a fine first half","unknown","positive"
" great thing about watching a game at etihad on tv is that you don t understand a word that the adverts say chinese ","joy","positive"
" it s boringmilner","unknown","positive"
" vinner begge hengekampene","unknown","positive"
" det er meg helt uforst u e elig hvorfor manchester city supportere piper p u e milner han gjorde en solid jobb for de i u e r mye p u e benk mciliv ","fear","positive"
" mciliv bonus points as it stands n n u toure n u clichy n u coutinho","unknown","negative"
" what the heck is she putting inside n mciliv n t co z q dejgb ","unknown","negative"
" best possible way for milner to silence the boo boys lfc lead at the etihad","unknown","neutral"
" come on city ud d udc t co rrt fz j ","unknown","positive"
" ht manchester city liverpool not the best not the worst big second half coming up lfc mciliv cityvlfc t c u ","unknown","neutral"
" bring in bravo we need goals mciliv ","unknown","negative"
" mciliv mcfc cityvlfc lfc t co e ddd r b ","unknown","positive"
" got to be emre can s best performance for lfc thought he was immense today ","unknown","positive"
" ndeep in my heart","joy","positive"
" lollolna ","unknown","positive"
" roses are red","unknown","positive"
" u starfootballleague n u mciliv n u a mufc n u b stephen odey n u c drpaul yahweh video n n wat trndnl t co zx a ks ","unknown","negative"
" mane with some insane pace","unknown","negative"
" fucking hell i m sitting in the gym and mciliv is on and the people here just went wild when lallana bottled it to make it ud d ude ","unknown","negative"
" a good battle ud d udd ud d udd t co y qkgj gg ","joy","neutral"
" city will not finish in the top period you can take that to the bank","surprise","neutral"
" what the heck is she putting inside n mciliv n t co e qnkfuwqy ","unknown","negative"
" milner to liverpool free n nsterling to city u a m n nlfc might lose their young potential player","unknown","positive"
" cabellero doing a dwight gayle here and turning up against lfc ","unknown","positive"
" ud d udcf sergio aguero celebrates man city s equaliser against liverpool n nit s with mins remaining mciliv t c u ","unknown","positive"
" ft ud d udd ud d udd n nan absorbing game at the etihad as the points are shared cityvlfc mcfc t co s xfbiweta ","unknown","negative"
" she s beautiful n mciliv n t co xlxhxtjhgr ","unknown","positive"
" u e u e u e u e u e u e a u e u e u e u e c u e d u e u e u e u e u e u e u e d u e u e u e a u e c u e u e a u e u e u e u e u e a u e d u e u e c u e u e u e u e u e u e d u e u e u e u e u e u e u e u e u e u e u e u e u e u e u e u e u e u e u e a u e u e u e u e c u e u e u e u e b u e u e d u e u e u e u e u e u e u e u e u e u e u e u e u e a u e u e u e u e c u e a u e d u e a u e u e u e d u e u e u e u e ud d ude ud d ude ud d ude lfc ","unknown","positive"
" sergio aguero cette apr u e s midi mciliv t co mjynxiipdj ","unknown","positive"
" ud d udcf james milner makes it ufe f u e out of ufe f u e from the u aa ufe f this season n nit s man city liverpool mins mciliv u ","unknown","positive"
" yessss loftey t co idlxvbdutq ","unknown","positive"
" toure should be off","unknown","positive"
" d u e couvrez le jardin m u e morial de l etihad stadium u e mancity amp la grande tradition des supporters anglais ud d ude f u bd ufe f ud c uddec ud c udde u ","unknown","positive"
" missarnas match fortsatt obesegrat mot topp sex i alla fall lfc ","surprise","neutral"
" betvictor new custom nbet u a get n football golf epl sfc n lfc mufc mcfc afc nentry k golden goal claim u t co ys a wqrwi ","sadness","negative"
" u a u u u f u u a u u u u u u f u a u sauditrendat n cityvlfc n u u a u u a u u u u u u u u u a u u u u u u u u a u f n u u u u u u a u a u u u u u u f u u u u a u u u a n mciliv u u a u u u a u u u u a u t co tuxookwfst u ","unknown","positive"
" can playing well so far looking to add a few extra k lfc ","unknown","positive"
" what the heck is she putting inside n mciliv n t co c arpoxyn ","unknown","negative"
" what the heck is she putting inside n mciliv n t co iaghlwire ","unknown","negative"
" get in there milner lfc ynwa ","sadness","negative"
" gooooooal milnerrrr t co rfdb qsuwy ","unknown","positive"
" lfc relief for the reds n nsterling can t finish from a cross and neither can fernandinho on the follow up n n ","unknown","neutral"
" he s playing bad","sadness","negative"
" each","unknown","positive"
" feckin c mannnnnnnnnn lfc ","unknown","positive"
" can is freaking amazing he did a lot of work both in defence and offense lfc ","anger","neutral"
" u yellow card man city nman city liverpool n mciliv t co ynhb kg qg ","unknown","positive"
" proper game of football that take a point lfc ","unknown","neutral"
" you should be a comedian t co bcbfcvkima ","unknown","positive"
" good to see you n n ud d udd ud d udd t co oirveylij ","joy","positive"
" u n n t co is rawtnf ","unknown","positive"
" matches between premier league s big slightly irrelevant league table n n lfc n cfc n thfc n mcfc n mufc u ","unknown","negative"
" t co s qsm xpol ","unknown","positive"
" rt mcfc vs lfc was a match of missed opportunities","unknown","positive"
" man utd have an edge against us ud d ude c t co og b r ou ","unknown","positive"
" yes great shot by milner love how klopp doesn t watch penalty shots lfc ","joy","neutral"
" non sbaglia il rigore il capitano del lfc come sempre rigore ottenuto da firmino","surprise","positive"
" what the heck is she putting inside n mciliv n t co pr um nab ","unknown","negative"
" ntupo ndaaaaaani sana mie na ubavu wangu monicah outer matongo livepool u ","unknown","positive"
" firmino dribble and passing has been superb but the finishing was a very poor ud d ude ud d ude mciliv ","sadness","neutral"
" two penalties not given to liverpool mciliv ","unknown","positive"
" fuck off you useless cunts t co fgsjzjxwcw ","unknown","negative"
" she s beautiful n mciliv n t co l ebkeyxl ","unknown","positive"
" she s beautiful n mciliv n t co ekyxyj zgj ","unknown","positive"
" ptain dommage sadio mane il aurait d u fb mieux faire mciliv ","unknown","negative"
" u e u e u e d u e u e a u e a u e u e u e u e a u e c u e u e u e u e u e u e u e u e u e b u e u e u e u e u e u e u e u e u e lfc ","unknown","positive"
" ud d udcaa t co cg fxmzsx ","unknown","positive"
" what the heck is she putting inside n mciliv n t co iaghlwire ","unknown","negative"
" firmino going off to slide in front of the lfc fans then looks back hahahaha n n t co x jrsunzpd ","unknown","positive"
" a solid shift from both sides ud d udd ud d udd t co exgngruq y ","unknown","positive"
" pep guardiola u cthis is one of the happiest days of my life as a manager how we played against liverpool means a l u ","joy","positive"
" who turned the penalty feature off then michael oliver having a worldy as usual ud e udd lfc ","unknown","negative"
" a solid shift from both sides ud d udd ud d udd t co exgngruq y ","unknown","positive"
" klopp","unknown","positive"
" mcfc fans booing james milner mciliv t co vtgfghsmf ","unknown","positive"
" james milner with a superb penalty on his return to mcfc one of the best players on the pitch today mciliv lfc ","unknown","positive"
" goal manchester city liverpool james milner scores a penalty after being booed all game from the city fans m u ","unknown","negative"
" how is that not a penalty mciliv ","unknown","negative"
" watch manchester city vs liverpool premier league live stream t co ypwa ag pd n n mcfc cityvlfc lfc pl ","joy","positive"
" mciliv grosse intensit u e dans ce choc de pl matip vient mettre sa t u eate sur coup franc u e a passe u e c u f t u e u ","unknown","negative"
" never a penalty once you get megged like that","joy","negative"
" emre and gini were the best for us today milner came next n lfc ","unknown","positive"
"","unknown","positive"
" win you frauds ","unknown","positive"
" c est quoi ce match mciliv ud d ude d ","joy","positive"
" back to it n ncome on","unknown","positive"
" e que falhan u e o t co ddtfqu r ","unknown","positive"
" mancity should forget about increasing their stadium capacity they can t even sell out a big match like this ","joy","positive"
" i am genuinely baffled lfc ","anger","negative"
" but for poor finishing we could ve won or lost or won or lost or won or lost or won or lost that lfc mciliv ","sadness","negative"
" the finishing in this game has been appalling game should ve been dead amp buried we ll obviously be made to pay for all those misses lfc ","unknown","negative"
" quel insolence t co eo uq nhg ","unknown","negative"
" mciliv ce match prend compl u e tement feu ud d udd ud d udd ud d udd gros temps fort de liverpool","unknown","positive"
" what the heck is she putting inside n mciliv n t co fzn bqz mj ","unknown","negative"
" ft man city liverpool james milner scoring could have won that could have lost it too but definitely could u ","unknown","neutral"
" liverpool should have been able to win many opportunities that should be a goal ","unknown","positive"
" my father s allegiance lies with the team with more players whose names he can shout regrettably","unknown","negative"
" mad game that such a shame with the lallana miss so sooo bad but we move on","sadness","negative"
" what the heck is she putting inside n mciliv n t co mkwjsjsfh ","unknown","negative"
" agueroooo mciliv ","unknown","positive"
" mciliv michael oliver is having a very good game tryna keep the score as much as he can ","anger","neutral"
" milner to the man city fans mciliv t co fafsym tj ","unknown","positive"
" a solid shift from both sides ud d udd ud d udd t co exgngruq y ","unknown","positive"
" mancity v liverpool is not a big enough game for the etihad to be sold out","unknown","negative"
" lmaooo you got jokes ud d ude it has nothing t co g w xriqf ","unknown","positive"
" fans boo while fans boo ","unknown","positive"
" wow not sure which teams miss was worse ud d ude e mciliv ","unknown","neutral"
" nasty very nasty lfc mciliv cityvlfc toure t co ioddsqteej ","unknown","negative"
" pen u e lti para o liverpool mciliv ","joy","positive"
" at his best coutinho is one of the league u s top players at the moment he u s as close to an empty shirt as he u s been si u ","joy","neutral"
" james milner has never lost a pl game in which he has scored mciliv t co xhpx yv qb u b ufe f t co m iixcnriy ","unknown","negative"
" got from my predictor with barca still play whitesangoma under threat u ","unknown","negative"
" what the heck is she putting inside n mciliv n t co xabh is pl ","unknown","negative"
" another day in the office ahead workathome instead t co pcx qgs yk euro winning jobhuntchat lfc cafc ","unknown","positive"
" u datemyfamily n u ourperfectwedding n u a mciliv n u b lamborghini n u c liverpool n n sast trndnl t co ziighhs p ","unknown","positive"
" full time the pl s third and fourth placed sides share the points after an absolute thriller at the etihad mciliv htt u ","unknown","positive"
" a little dissapointed with the scoreline after where we were at around mons","unknown","negative"
" e ficam no empate num joga u c o milner e fizeram os gols da partida t co zb hlt u ","unknown","negative"
" where the f is our defense clyne","unknown","positive"
" they ve called it a full house at the etihad today mciliv t co uuntgamthu ","unknown","positive"
" what was that lfc ","unknown","positive"
" ft man city lfc stunning game packed full of chances and drama milner penalty cancelled out by aguero ","unknown","negative"
" golo milner gp nman city liverpool mciliv ","unknown","positive"
" ud d udcf james milner makes it ufe f u e out of ufe f u e from the u aa ufe f this season n nit s man city liverpool mins mciliv u ","unknown","positive"
" u u u u u a u u e u u ","unknown","positive"
" phew some game good result tho city bizarre team at times hard to live with the them amp then look like they ll fold at any minute lfc ","joy","negative"
" what the heck is she putting inside n mciliv n t co ynscpkflcz ","unknown","negative"
" ud d udcf sergio aguero celebrates man city s equaliser against liverpool n nit s with mins remaining mciliv t c u ","unknown","positive"
" what the heck is she putting inside n mciliv n t co kejgegsk k ","unknown","negative"
" ud d udd u ufe f n u b ufe f u bd ufe f ud d udd n mciliv t co rsid zwkze ","unknown","positive"
" karakanayasoka dakika ya hapa ukiwa nasi na nani ashi u ","unknown","positive"
" did you watch the fucking clip pal t co mlzejtx zl ","fear","negative"
" cubaan sadio mane berdepan keeper dapat dihalang n nmci lfc mcilfc ynwa ","unknown","negative"
" paddypower new football mcfc lfc mufc spurs n mancity v liverpool nsunday claim gt u t co bposprhklx ","unknown","positive"
" eish giving me asthma ","unknown","positive"
" betfair no risk offer nbet u a get u a n mufc mcfc lfc avfc lufc n spurs bhafc premierleague n avfc lfc claim u ","sadness","negative"
" klopp i m not happy in this moment but give me a few hours and i will be happy lfc t co kigk xaska ","joy","positive"
" the reds look for a swift response but firmino s drive crashes into the side netting n n t co pmuzhwefcf ","unknown","positive"
" gollllllll u n liverpool lfc milner ynwa chupamanchestershit ","unknown","positive"
" emre can pulls back kevin de bruyne","unknown","positive"
" she s beautiful n mciliv n t co decsbzniff ","unknown","positive"
" what the heck is she putting inside n mciliv n t co plvfn efwi ","unknown","negative"
" lfc manchester city liverpool player ratings can gives best performance in red but coutinho anonymous agai u t co ijzmbwrjy ","unknown","neutral"
" on est chanceux lallana rate l immanquable quelle chance mciliv ","joy","positive"
" mciliv result nmilner scored from the spot","unknown","negative"
" i hate clichy ","anger","negative"
" i added a video to a playlist t co jz ybqpvvv lfc career mode ep transfer deadline day ","unknown","positive"
" lfc creating more chances ","unknown","positive"
" ud d udcf james milner makes it ufe f u e out of ufe f u e from the u aa ufe f this season n nit s man city liverpool mins mciliv u ","unknown","positive"
" watched an intense first half at the studio let s keep the three points at home blues ud d udcaa ud c udffc mcfc u ","unknown","positive"
" it has everything but goals so far ud d udd ud d udd t co qx otj ","unknown","positive"
" lfc ha ha ha enough said ","unknown","positive"
" firminio celebrated to early ud d ude ud d ude lfc n n t co q glyz qr ","unknown","positive"
" ud c udfa what a game that was lfc t co z so nrqgm ","unknown","negative"
" goaaaaaal n ncity liverpoool nscorer aguero nassist kdb n n mciliv n iamwonder ","unknown","positive"
" what a shot from silvia wow mciliv ","unknown","positive"
" practice corners ","unknown","positive"
" milner mciliv ","unknown","positive"
" mciliv l u e norme r u e action wtf de guardiola apr u e s une faute offrant un superbe check avec klopp ud d ude ud d udc a ud d ude d pl cc u ","unknown","positive"
" lfc could be top of epl if they had a striker good head to head vs top teams","joy","positive"
" what is with guardiolas jacket mciliv ","unknown","positive"
" firmino going off to slide in front of the lfc fans then looks back hahahaha n n t co x jrsunzpd ","unknown","positive"
" firmino going off to slide in front of the lfc fans then looks back hahahaha n n t co x jrsunzpd ","unknown","positive"
" manchester city vs liverpool n nwatch lfc mcfc free live stream on t co fsycl dxpc ","joy","positive"
" how come there is still empty seats at this eitihad this is a top fixture n nsmall time club mancity n n mufc mcfc ","surprise","neutral"
" full time at the etihad manchester city liverpool mcfc lfc n nwhat a game u bd ufe f ud d udd ud d udd t co luhagatpq ","unknown","negative"
" good game we build from it ynwa u af already walk dis one alone o","joy","neutral"
" ft n cityvlfc premierleague mcfc t co ouepvx vko ","unknown","positive"
" firminio celebrated to early ud d ude ud d ude lfc n n t co q glyz qr ","unknown","positive"
" wow ud d ude ud d ude ud d ude t co obvhvssl q ","unknown","positive"
" start earning online gt gt upto month t co gzqepwtng sundayfunday lamarathon mciliv goblue online ","unknown","positive"
" segue o jogo t co zl ynn c z ","unknown","positive"
" pl ud c uddec ud c udde man city liverpool n ntermin u c n n mciliv t co xfit npcry ","unknown","positive"
" no mind games no insults just pure respect","joy","positive"
" how come caballero becomes buffon every time he play against us lfc ","unknown","positive"
" you don t often see aguero miss far post","unknown","negative"
" mciliv quel rat u e de lallana qui manque l immanquable ","unknown","negative"
" full time the pl s third and fourth placed sides share the points after an absolute thriller at the etihad mciliv t co rntadqgadw ","unknown","positive"
" firmino going off to slide in front of the lfc fans then looks back hahahaha n n t co x jrsunzpd ","unknown","positive"
" goal milner scores to make it to liverpool mciliv ","unknown","positive"
" happy birthday kolo ud c udf t co akg fnvyu ","joy","positive"
" damn it defend the crosses ugh lfc ","unknown","negative"
" city so poor mciliv ","sadness","negative"
" how exactly is that not a red card mciliv ","unknown","positive"
" what liverpool s attack really need n t co uswxqolk v ","unknown","negative"
" city fans are so classless booing one of their most successful players of all time james milner ud d udc matchdaymac t co yxi dfsbjg ","unknown","positive"
" great game this","joy","neutral"
" a thoroughly entertaining contest ends with a share of the points ud d udd ud d udd t co h nnhkmg q ","unknown","positive"
" it was only a matter of time need that second goal lfc come on","unknown","negative"
" kevin de bruyne has registered assists in the premier league this season","unknown","positive"
" it has everything but goals so far ud d udd ud d udd t co qx otj ","unknown","positive"
" never easy watching is it ","unknown","positive"
" can t believe the fans are booing milner","unknown","positive"
" ud d udcf it s still man city liverpool and as we head towards added time u n n u will someone have the final say mciliv u ","unknown","positive"
" ht ud d udd ud d udd n nentertainment","unknown","positive"
" what the heck is she putting inside n mciliv n t co e qnkfuwqy ","unknown","negative"
" u df u eb u ca u fc uff uff uff ud c udf ud c udf ud c udf t co lwzeddoexb ","unknown","positive"
" a draw is decent ","unknown","positive"
" result n shots for city for lfc in first half n for aguer n for defenders ","unknown","positive"
" five manchester city players around oliver after he finally gives penalty fa will presumably charge club for not contro u ","joy","neutral"
" this fucking ref booked lfc players when city players roll around emre can gets up after getting studs in his chest wa u ","unknown","negative"
" ud d ude ud d ude ud d ude ud d ude ultimate l t co uxfavgm st ","unknown","positive"
" goal man city liverpool mins james milner slots home from the spot after clichy had fouled firmino mciliv ","unknown","negative"
" u ab u d u b u a u ed u u f u f u u u b u a u u mancity mciliv jspofootball ","unknown","positive"
" man city e liverpool empatam a com golos de milner e aguero mciliv t co yhxqiwinw ","unknown","positive"
" there will be goals nd half red ones hopefully ","unknown","positive"
" the first claim don t think this was a penalty next one definitely was t co b upedcm ","unknown","neutral"
" can you score please ","anger","positive"
" got to be emre can s best performance for lfc thought he was immense today ","unknown","positive"
" mciliv ud c udf f ","unknown","positive"
" we re back under way at the etihad mciliv ","unknown","negative"
" pl ud c uddec ud c udde man city liverpool n ngoooooooaaaaal de milner n n mciliv t co iwm tikfvx ","unknown","positive"
" top n mciliv n totsou n harry winks n milner n southampton ","surprise","positive"
" cool abah dia t co g ckjt mfu ","unknown","positive"
" should be a fun minutes at the etihad mancity lfc ","unknown","negative"
" what the heck is she putting inside n mciliv n t co g fbu ego ","unknown","negative"
" u u f c u u u b u u e a u c u c lfc ","unknown","positive"
" tamat perlawanan dgn keputusan hasil jaringan milner dan aguero setelah aksi minit terakhir yg mendebarkan u ","anger","positive"
" she s beautiful n mciliv n t co lpmrzvttn ","unknown","positive"
" what the heck is she putting inside n mciliv n t co ef paptj ","unknown","negative"
" she s beautiful n mciliv n t co hmprztvwgd ","unknown","positive"
" ft ud d udd ud d udd n nan absorbing game at the etihad as the points are shared cityvlfc mcfc t co s xfbiweta ","unknown","negative"
" au choix ce dimanche midi u e la tv aux usa njames bond quantum of solace sur ou premier league mciliv u t co psp qqjnq ","joy","positive"
" city and lfc forwards bottled chance after chance like our forwards have done all season ","joy","positive"
" since ","unknown","positive"
" dear god how lfc ","sadness","positive"
" lots of action but not much to enjoy in that half distinct lack of overall quality so underwhelming mciliv ","joy","neutral"
" felizdomingo cr u f nica mcc lfc los reds u b sacan un valioso empate de visitante en el city of manchester ambos mantienen sus posiciones ","unknown","positive"
" if you re booing milner you need to reassess your life quickly mciliv ","unknown","negative"
" ironic cheers from the mcfc fans as the linesman eventually gives us something mciliv ","unknown","negative"
" yaya toure slides in and catches emre can in the chest n n that has got to be a red card savage n n mciliv u ","unknown","negative"
" trading blows left right and centre mciliv ynwa ","unknown","negative"
" what a monumental miss sterling must be working undercover mciliv ","unknown","neutral"
" u a finaliza el partido en manchester ","unknown","positive"
" can again was boss in the middle pep was smart to change yaya toure lfc not forgotten that sexy pass to bob for the pk ","joy","positive"
" god forbid sterling ever scores against lfc ","sadness","neutral"
" proud see hosting lfc legend souness amp ex player book launch u ","joy","positive"
" ud c udfc u s lose on penalties plcup n n t co kxyye kkpr ","unknown","negative"
" live stream manchestercity vs liverpool n nandroid ud d udcf hd n t co hxkfmjd n npc ud d udcbbios ud d udcf u t co i q fmleq ","joy","positive"
" great game emre outstanding anyone says different plays to much fifa lfc decent point top ","joy","positive"
" ud d udd u ufe f n u b ufe f u bd ufe f ud d udd n mciliv t co rsid zwkze ","unknown","positive"
" what the heck is she putting inside n mciliv n t co x nrkxhyfb ","unknown","negative"
" three quick things from manchester city s draw with liverpool mciliv t co peapnqantj ","unknown","positive"
" la sortie de san u e est u e trange tant l allemand a fait des dif dans ce match mciliv ","joy","positive"
" solid start to the second half n nlallana pulls it back for sadio","unknown","positive"
" second half city get us under way again cityvlfc mcfc n n ud d udd ud d udd t co vnttklwrt ","sadness","negative"
" ud d udcf no shortage of excitement at the etihad but it s man city liverpool u somehow mins mciliv t co skmgu u ","joy","neutral"
" what the heck is she putting inside n mciliv n t co nzquwhuxsc ","unknown","negative"
" rt boringmilner it s boringmilner","unknown","positive"
" merci u e et de laisser une petite chance u e mciliv ","unknown","positive"
" u e u e b u e u e u e c u e u e u e u e u e u e u e u e u e u e u e u e u e u e t co krtcijfzcp ","unknown","positive"
" go reds u bd ud d udd ","unknown","positive"
" live match menit ","joy","positive"
" mane will score goals in th second half goodbye for the next hour ","anger","neutral"
" aguero empata o cl u e ssico na inglaterra c u e mera vai pra torcida e camisa do aparece mancity x liverpool ","unknown","positive"
" not going to blame lallana should ve scored but he had a great game in midfield mciliv ","joy","negative"
" adoi tersiku telinga mciliv ","unknown","positive"
" draw it is of the top dropped points","surprise","positive"
" ini kaga kalah aja","unknown","positive"
" oh no","unknown","positive"
" what the heck is she putting inside n mciliv n t co sqxeehwqnr ","unknown","negative"
" ft ud d udd ud d udd n nan absorbing game at the etihad as the points are shared cityvlfc mcfc t co s xfbiweta ","unknown","negative"
" sends off for f ck all but this from yaya toure is ok round of applause ud d udc f ud c udffc for michael oliver u ","unknown","positive"
" mciliv guardiola amp klopp funny moment t co rv e rkmj ","unknown","positive"
" frick we need the three points one is not gonna cut it mciliv lfc t co gfgq ala n ","unknown","negative"
" everyone looks so tired why ","disgust","negative"
" l action de liverpool ud d udd et can qui rate le ballon a m des cages vide mciliv ","unknown","positive"
" got to be emre can s best performance for lfc thought he was immense today ","unknown","positive"
" mciliv a draw is not so bad","sadness","negative"
" what the heck is she putting inside n mciliv n t co kb ns uvm ","unknown","negative"
" name someone like dybala then ","joy","positive"
" what a miss miss miss miss miss miss all misses mciliv ","unknown","negative"
" how s that not a pen mciliv ","joy","positive"
" skysports will now focus on sterling missing a chance rather than look at all the exceptional stuff he s done in the st half mciliv ","unknown","neutral"
" confirmed lfc team to face mignolet","unknown","positive"
" th straight win at whl","unknown","positive"
" origi to win this for us you heard it here first ynwa mciliv ","unknown","positive"
" how do neville and martin tyler keep getting liverpool games","unknown","positive"
" good luck u u t co pmuqpzb u ","joy","positive"
" she s beautiful n mciliv n t co hmprztvwgd ","unknown","positive"
" managers lfc mciliv cityvlfc klopp t co d qtmxy yu ","unknown","positive"
" james milner now scored penalties out of for ","unknown","positive"
" penalty for liverpool lfc t co f zidlkg ","unknown","negative"
" it was even in lallana s strong foot he had time to take a touch not good enough gutted lfc ","joy","positive"
" five manchester city players around oliver after he finally gives penalty fa will presumably charge club for not contro u ","joy","neutral"
" def a pen mcfcvlfc lfc ynwa ","joy","positive"
" pl ud c uddec ud c udde man city liverpool n ntermin u c n n mciliv t co xfit npcry ","unknown","positive"
" great frikkin game mciliv ","joy","neutral"
" a former red and a former blue go head to head u bd ufe f cityvlfc t co gojb hhzds ","sadness","positive"
" shitttt n nit s penalty n n mancity ","unknown","negative"
" get in buzzing like a sticky whiskered bee here lfc ","joy","negative"
" motm was emre can lfc ","unknown","positive"
" el gol de james milner mciliv t co j o chg pu ","unknown","positive"
" ud d udcf no shortage of excitement at the etihad but it s man city liverpool u somehow mins mciliv t co skmgu u ","joy","neutral"
" coutinho","unknown","positive"
" she s beautiful n mciliv n t co l ebkeyxl ","unknown","positive"
" paddypower new football mcfc lfc mufc spurs n mancity v liverpool nsunday claim gt u ","unknown","positive"
" gooooooal milnerrrr t co rfdb qsuwy ","unknown","positive"
" best game this season masterclass in bottling chances mciliv ","unknown","neutral"
"","unknown","positive"
" hope going right comeoncity mcfc mciliv ","unknown","positive"
"","unknown","positive"
" gooooooal milnerrrr t co rfdb qsuwy ","unknown","positive"
" l occasion immanquable pour lallana mciliv ","unknown","positive"
" sergio aguero saves point for man city against liverpool t co qwbmsv vfk lfc liverpool ","unknown","positive"
" happy birthday kolo ud c udf t co akg fnvyu ","joy","positive"
" milner mciliv ","unknown","positive"
" mciliv bonus points as it stands n n u toure n u clichy n u coutinho","unknown","negative"
" tu fais tirer un p u e no u e sadio man u e il a le temps d aller l arr u eater lui m u eame mciliv ","unknown","negative"
" u u u d u a u e u u u u ud d ude t co do tgi ieq ","unknown","positive"
" liverpool seem to be rocking a nice puff sleeve mciliv ","unknown","positive"
" your support is absolutely fucking shit ","unknown","positive"
" que jog u e o x ","unknown","positive"
" what the heck is she putting inside n mciliv n t co j kzblme ","unknown","negative"
" those saying that lallana miss could cost us champs league football obviously missed most of our games in lfc ","unknown","negative"
" ht man city liverpool n nit somehow remains goalless after minutes t co epjzspfppi mciliv t co aowtj u ","unknown","positive"
" city vs keraasss ud d udc f ud d udc f ","unknown","positive"
" where s everyone s shooting boots today ud d ude lfc ","unknown","positive"
" good job ","joy","neutral"
" il arrive dans combien de temps le but de man u e mciliv ","unknown","positive"
" mancity amp liverpool drop points n narsenal is th n nmanunited fans right now n t co setwh xvo ","unknown","positive"
" come on reds","unknown","positive"
" a thoroughly entertaining contest ends with a share of the points ud d udd ud d udd t co h nnhkmg q ","unknown","positive"
" it s boringmilner","unknown","positive"
" here we go ud d udd ud d udd t co cuynl j ","unknown","positive"
" o citou a derrota do lfc pro bournemouth e a sorte u e que n u e o tenho objetos cortantes no meu quarto premierleaguesonaespn ","unknown","positive"
" mciliv inviting ball played into the box but milner is there to turn it behind with sterling lurking still u bd ufe f ","disgust","negative"
" wow getting nothing from this ref mciliv ","unknown","positive"
" lol","unknown","positive"
" why so many empty seats again mciliv ","unknown","negative"
" delete ","unknown","positive"
" never a penalty once you get megged like that","joy","negative"
" come on man city t co am nredj ","unknown","positive"
" mdrrrrrrrrrrrrrr ce match est compl u e tement dingue n mciliv ","joy","positive"
" final score mancity liverpool ","anger","positive"
" pl ud c uddec ud c udde man city liverpool n ngoooooooaaaaal de aguero n n mciliv t co ntudzpu sx ","unknown","positive"
" penalty shout lfc t co pa n bjnee ","unknown","negative"
" goal mciliv n milner pen ","joy","positive"
" a good battle ud d udd ud d udd t co y qkgj gg ","joy","neutral"
" a very nice game t co nmzqvkuily ","unknown","neutral"
" yes great shot by milner love how klopp doesn t watch penalty shots lfc ","joy","neutral"
" half time liv mci n mciliv ","joy","positive"
" city fans eh johnny come latelys t co inlx j ogz ","unknown","positive"
" man city have got arsenal amp chelsea next","unknown","positive"
" imagine being a grown up and getting your phone out to film a pen t co aofrfxtgz ","joy","positive"
" what the heck is she putting inside n mciliv n t co tixye madw ","unknown","negative"
" what the fuck is this game mciliv ","unknown","negative"
" a good battle ud d udd ud d udd t co y qkgj gg ","joy","neutral"
" shouldve wrapped up the game b the th minute unstead of these theatrics now ","unknown","negative"
" sports sportsnews rt skyfootball klopp can t watch ud d ude milner s penalty fires lfc into the lead follow all the u t co hfc naow ","unknown","negative"
" back to it n ncome on","unknown","positive"
" weekend recap united with the points amp now th","unknown","positive"
" city and liverpool finished their who s the shitest finisher in the league pl encounter with a draw lfc mcfc ","unknown","positive"
" she s beautiful n mciliv n t co ekdrojaqkf ","unknown","positive"
" what the heck is she putting inside n mciliv n t co br cdwtg ","unknown","negative"
" magnificent game of football could have been all players gave everything and in my opinion that s all you can ask","unknown","negative"
" mciliv n nsiapa lagi pantas kali ini mane dan otemandi mengejar bola lolos dapat ke mane dan mane t co msngjhdxdm ","anger","negative"
" it has everything but goals so far ud d udd ud d udd t co qx otj ","unknown","positive"
" felizdomingo cr u f nica mcc lfc los reds u b sacan un valioso empate de visitante en el city of manchester y mantienen sus posiciones ","unknown","positive"
" mciliv wt a game ud d udd ","unknown","negative"
" booooom leads mciliv ","unknown","positive"
" we are penaltypool tralala lfc ","unknown","positive"
" this fucking ref booked lfc players when city players roll around emre can gets up after getting studs in his chest wa u ","unknown","negative"
" second half city get us under way again cityvlfc mcfc n n ud d udd ud d udd t co vnttklwrt ","sadness","negative"
" mciliv quelle occasion pour liverpool a quelques m u e tres du but","unknown","positive"
" here we go ud d udd ud d udd t co cuynl j ","unknown","positive"
"","unknown","positive"
" hasn t been a frantic start been pure shite so far t co ftdkfgmoes ","unknown","negative"
" great unsolved mysteries n nmh nlord lucan n tv money njfk nlucas leiva still at lfc ","joy","positive"
" ft mancity lfc n nmilner s penalty cancelled out by aguero s late goal n nmore gt gt gt t co j hk ciqmc t co q h lz l ","unknown","negative"
" u a u u u f u u a u u u u u u f u a u sauditrendat n cityvlfc n u u a u u a u u u u u u u u u a u u u u u u u u a u f n u u u u u u a u a u u u u u u f u u u u a u u u a n mciliv u u a u u u a u u u u a u t co dpp uh owk u ","unknown","positive"
" we ve been robbed of a barcelona psg here mciliv ","unknown","positive"
" five manchester city players around oliver after he finally gives penalty fa will presumably charge club for not contro u ","joy","neutral"
" hahahahhahahahah n n t co c hdnlvmfk ","unknown","positive"
" come on t co ujnr uwfq ","unknown","positive"
" ub ud c ub e uc ube uaca uc mciliv ","unknown","positive"
" if bravo was in goal man city would be goals down by now mciliv ","unknown","positive"
" mciliv n n s e ats n emp t y n i n n t h is n st a dium nexpecte u ","unknown","positive"
" live match menit ","joy","positive"
" a thoroughly entertaining contest ends with a share of the points ud d udd ud d udd t co h nnhkmg q ","unknown","positive"
" watching this game right now mciliv t co e fisrolx ","unknown","neutral"
" cool as it gets n nmilner sends caballero the wrong way to give us the lead from the spot ud c udfaf n n t co ftdiveaavc ","unknown","negative"
" gooooooal milnerrrr t co rfdb qsuwy ","unknown","positive"
" oliver will try evening this up you watch lfc ","unknown","negative"
" me after the lallana miss n n lfc mcfcvlfc t co eafyzrpmwj ","unknown","negative"
" a thoroughly entertaining contest ends with a share of the points ud d udd ud d udd t co h nnhkmg q ","unknown","positive"
" ud d udcf it s still man city liverpool and as we head towards added time u n n u will someone have the final say mciliv u ","unknown","positive"
" link u f ping winning with goals from hurtig and banusic harder scoring good things happen when i m at work now it s your turn ","disgust","positive"
" oops mciliv t co sjosmy xpb ","unknown","positive"
" foi um bom jogo ambas equipes tiveram chances ","unknown","positive"
" mignolet ","unknown","positive"
" what are the odds i won a soccer ball and mtn recharge card for predicting mucity vs lfc correctly madeofblack ud d ude ","unknown","positive"
" jm i know cfc","unknown","positive"
" proper men proper managers pep and juergen mciliv pl electric pace ynwa ","joy","positive"
" she s beautiful n mciliv n t co ne j qjytm ","unknown","positive"
" not sure why city fans booing ref at half time he s done them some huge favours st half mciliv ","unknown","positive"
" five manchester city players around oliver after he finally gives penalty fa will presumably charge club for not contro u ","joy","neutral"
" emre can should have got man of the match he was brilliant its not very often that happens either ud d udc f lfc ","unknown","positive"
" what the heck is she putting inside n mciliv n t co nzquwhuxsc ","unknown","negative"
" yes milner mciliv ","unknown","positive"
" live match mancity vs liverpool masih alot di babak i t co sfusz dg viva ","joy","positive"
" aguero faut toujours qu il nique son dernier geste jsuis mort poteau de de bruyne la chatte de liverpool est immense mciliv ","joy","positive"
" coutinho shapes up for a yard shot but it soars just over n n t co em e fc ","unknown","positive"
" vaut mieux zap u e mciliv match fou ","disgust","positive"
" she s beautiful n mciliv n t co gavpc wmrm ","unknown","positive"
" miss city livermiss n mciliv ","unknown","negative"
" itu tolong pawang hujan segera dikaryakan biar bisa berkarya tq ","unknown","positive"
" credit to emre can ud d udc d t co xzrvbe iew ","unknown","positive"
" we rollen gewoon door mciliv c u mon city ","unknown","positive"
" it s been a cracking match","unknown","positive"
" ft ud d udd ud d udd n nan absorbing game at the etihad as the points are shared cityvlfc mcfc t co s xfbiweta ","unknown","negative"
" man city fans getting salty that their players keep getting caught offside and are blaming the refs makes sense mciliv premierleague ","unknown","positive"
" goal man city liverpool mins james milner slots home from the spot after clichy had fouled firmino mciliv ","unknown","negative"
" five manchester city players around oliver after he finally gives penalty fa will presumably charge club for not contro u ","joy","neutral"
" what a miss lfc ","unknown","negative"
" sends off for f ck all but this from yaya toure is ok round of applause ud d udc f ud c udffc for michael oliver u ","unknown","positive"
" we ll take that could have been more but ","unknown","positive"
" both lfc bookings were soft oliver has reacted to the theatrics amp not the actual challenge city players don t make it eas u ","unknown","negative"
" mancity e lfc ficam no empate num joga u c o milner e aguerosergiokun fizeram os gols da partida t co gsralrkhq foto ","unknown","negative"
" lmao lallana s miss ud d ude ud d ude n mciliv pl t co d gzcg gg ","unknown","negative"
" needs more refs like mike oliver mciliv epl ","joy","positive"
" can amp gini superb today lfc ","unknown","positive"
" he s not at his best by a long way but","unknown","negative"
" milner scores mciliv ","unknown","positive"
" a thoroughly entertaining contest ends with a share of the points ud d udd ud d udd t co h nnhkmg q ","unknown","positive"
" sergio ag u fcero has scored in each of his last five premier league matches against liverpool at the etihad mciliv ","unknown","negative"
" sunny as ever in manchester mciliv ","joy","positive"
" solid start to the second half n nlallana pulls it back for sadio","unknown","positive"
" trend alert mciliv more trends at t co lz lsnkin trndnl t co f onmyben ","fear","positive"
" noooo ","unknown","positive"
" manchester city vs liverpool t co vism apq mciliv t co bsjv huii ","unknown","positive"
" no game again until st april lucky the wife s christmas present kicks in with us over to anfield for the derby lfc can t wait countdown ","unknown","neutral"
" mcfc fans booing james milner mciliv t co vtgfghsmf ","unknown","positive"
" gooooooal milnerrrr t co rfdb qsuwy ","unknown","positive"
" firminio celebrated to early ud d ude ud d ude lfc n n t co q glyz qr ","unknown","positive"
" gooooooal milnerrrr t co rfdb qsuwy ","unknown","positive"
" xi mignolet","unknown","positive"
" when your mate pulls a mciliv t co kn th k vx ","unknown","positive"
" mciliv l u e norme r u e action wtf de guardiola apr u e s une faute offrant un superbe check avec klopp ud d ude ud d udc a ud d ude d pl cc u ","unknown","positive"
" live stream manchestercity vs liverpool n nandroid ud d udcf hd n t co hxkfmjd n npc ud d udcbbios ud d udcf u ","joy","positive"
" michael oliver having an absolute shocker mciliv ","unknown","positive"
" is it just me or if can wasn t german had a fancy surname and didn t have a nice haircut he wouldn t get onto our benc u ","joy","positive"
" hahahahahaha ","unknown","positive"
" para uno de los comentaristas de nno hay roja nno hay penalti nfuera de juego mciliv ","unknown","positive"
" another big game where city have dropped points due to poor finishing lfc could ve scored some too aguero s making it ha u ","sadness","negative"
" never a penalty once you get megged like that","joy","negative"
" pl ud c uddec ud c udde man city liverpool n ntermin u c n n mciliv t co xfit npcry ","unknown","positive"
" man city e liverpool empatam a com golos de milner e aguero mciliv t co yhxqiwinw ","unknown","positive"
" somehow still haven t conceded mciliv lfc ynwa t co zjozswnbg ","unknown","positive"
" what the heck is she putting inside n mciliv n t co tzroahg py ","unknown","negative"
" live match menit ","joy","positive"
" u b tempo na espn com e vs n u e o u e s u f exclusivo u e na premierleaguesonaespn ","unknown","positive"
" the ref chooses the worst incident to call a pk once again lfc is rewarded for mcfcvlfc ","unknown","negative"
" emre can should really work on his consistency lfc ","unknown","positive"
" mciliv bmgfcb change d u edadelhombre comlulaosertaoviroumar daystopurposetourbrasil n t co uhipv sqwy ","unknown","positive"
" mciliv l u e norme r u e action wtf de guardiola apr u e s une faute offrant un superbe check avec klopp ud d ude ud d udc a ud d ude d pl cc u ","unknown","positive"
" city got carved twice in minutes ud d ude ud d ude ud d ude ud d ude ud d ude gameon n mciliv ","unknown","positive"
" aguero scored nman city liverpool n lfc mciliv ","unknown","positive"
" she s beautiful n mciliv n t co rciddb l i ","unknown","positive"
" el rufai is a threat to nigeria s national security reno omokri t co tdcavc xif mciliv stephen odey starfootballleague mufc ","unknown","negative"
" if dunc is pointing it out in our favour it s clearly a pen t co imkk rtlns ","joy","neutral"
" obviously would have preferred a win but glad we managed to hold onto that point against such an attacking side lfc ","joy","neutral"
" milner is going to take the penalty mciliv ","unknown","negative"
" a thoroughly entertaining contest ends with a share of the points ud d udd ud d udd t co h nnhkmg q ","unknown","positive"
" milner yes mciliv ","unknown","positive"
" mancity vs liverpool berakhir tanpa pemenang t co y q qjsc u bola t co mbpobfwqa ","unknown","positive"
" tha miss from lallana ntoo much nivea cream on his boots ffs n lfc ","unknown","negative"
" lfc knows the score u ufe f ud d udca ud d udc ud c udffb t co nxyaco y ","anger","positive"
" don t start celebrating until you see the bill in the net mciliv reds lallana ","unknown","positive"
" aguero his first vs a top side this season mciliv ","surprise","positive"
" not a bad performance and result but lallana had to score that lfc ynwa ","anger","negative"
" u u e u u u u u u u u c u u f t co wdeim p bi ","unknown","positive"
" lallana playing that poorly infront of goal is a hazard to my health but i can t take away the warrior s work rate tonight mciliv ynwa ","unknown","negative"
" check out lfc liver bird engraved acrylic plastic keyring fob t co bvvcsv yfs ","unknown","positive"
" let s kill this game cmon redman lfc ","unknown","negative"
" lfc lah ","unknown","positive"
" t co rz pviklr mr oliver liverpools no fan mancity liverpool mcfclfc mcfc lfc ","unknown","positive"
" how is this match still n nsterling amp fernandinho go close for mcfc before firmino is denied for lfc u ","joy","neutral"
" played","unknown","positive"
" makin keras bung mciliv ynwa ","unknown","positive"
" it s boringmilner","unknown","positive"
" all of james milner s goals this season has been by penalties mciliv ","unknown","positive"
" ft ud d udd ud d udd n nan absorbing game at the etihad as the points are shared cityvlfc mcfc t co s xfbiweta ","unknown","negative"
" mciliv is this hashtag roman numerals for when liverpool last won a major domestic title ","unknown","negative"
" firmino going off to slide in front of the lfc fans then looks back hahahaha n n t co x jrsunzpd ","unknown","positive"
" firmino going off to slide in front of the lfc fans then looks back hahahaha n n t co x jrsunzpd ","unknown","positive"
" emre can was motm all day long referee bottled it yaya and silva should have went great performance lfc wegoagain ","joy","neutral"
" mciliv je pense qu il y a une erreur ce chiffre n existe pas ","unknown","positive"
" so close n nroberto races through but his shot is saved n n t co pfaqxry ev ","joy","negative"
" penalty pour liverpool mciliv ","unknown","negative"
" paddypower football nufc n lufc afc n premierleague mufc lfc n mcfc avfc spurs efc nbet u a get u a nclaim gt u ","sadness","negative"
" ud d udcf no shortage of excitement at the etihad but it s man city liverpool u somehow mins mciliv t co skmgu u ","joy","neutral"
" t co czvqhu kyr n n excaja n n azado n nfeyenoord n n gaezwo n n mciliv n n trbinda n ncoolsingel n nbiesbosch n nvilhena n nchuck u ","unknown","positive"
" good yahyatoure came off he looks absolutely knackered mciliv bpl ","joy","positive"
" gol de milner lfc ","unknown","positive"
" watching in the morning and going to the match today pretty much my perfect day bluemoon skyblueseagreen ","unknown","positive"
" we are just a ball of mess in front of the city post mciliv lfc ","unknown","neutral"
" fair result city lfc with both sides missing sitters ynwa ","unknown","positive"
" gooooooal milnerrrr t co rfdb qsuwy ","unknown","positive"
" full tim man city vs liverpool t co qfteouscfv ","unknown","positive"
" why is koloa looking away ud d ude ud d ude mciliv ","unknown","positive"
" mt elgon kang anga nategea karakanayasoka ","unknown","positive"
" it s honours even at the etihad","unknown","positive"
" gooooooal milnerrrr t co rfdb qsuwy ","unknown","positive"
" firmino frustrates the shit out of me lfc ","unknown","positive"
" lfc keep this up and a goal will come tough team tough venue not so tough last fixtures we can do this ","unknown","negative"
" what the heck is she putting inside n mciliv n t co lg osupuve ","unknown","negative"
" yo one more to win come on city ","unknown","positive"
" she s beautiful n mciliv n t co yrkgedgrsv ","unknown","positive"
" joe scarborough t co j p yszqoj ","unknown","positive"
" kun skulle hatt straffe i f u f rste gir seg ikke i dag nydelig scoring fortjent mciliv ","unknown","positive"
" col culo che hai far u e autogol ud d ude ","unknown","positive"
" draw please draw you both shit just draw mciliv ","joy","positive"
" my nerves are shredded but would have took a point beforehand so on we go lfc ","unknown","positive"
" goal u u a aguero nassist u u a de bruyne n nman city liverpool mins mciliv fpl ","unknown","positive"
" what the heck is she putting inside n mciliv n t co xabh is pl ","unknown","negative"
" lallana you ve got to be joking me ud d ude ud d ude mciliv ","unknown","positive"
" unlucky","unknown","negative"
" mciliv and a yellow card for gael clichy milner to take u bd ufe f ","unknown","positive"
" goal let go city mcfc cmoncity mciliv premierleague ","unknown","positive"
" on reviendra sur cette folie de city liverpool dans la semaine fav pour recevoir l article mciliv ","unknown","positive"
" game of the season t co ieu v v ","unknown","neutral"
" draw go pap ruff n mciliv ","unknown","positive"
" u a u b u a u ed u a u u u a u u u n mciliv ","unknown","positive"
" betvictor new custom nbet u a get n football golf epl sfc n lfc mufc mcfc afc nentry k golden goal claim gt u ","sadness","negative"
" why is oliver still allowed to referee mciliv ","unknown","positive"
" what the heck is she putting inside n mciliv n t co c arpoxyn ","unknown","negative"
" debruyne das schlitzohr fast mit nem tor n n lfc ynwa mcfcvlfc ","anger","negative"
" it s boringmilner","unknown","positive"
" ni caballero tumben u b an maen nya segeh kek gini bisa u b kang brapo makin lamo jdi paangek saluang di bangku cadangan nih ud d ude mciliv ","unknown","positive"
" liverpool fans looking at adam lallana mciliv t co vgiekd ont ","unknown","positive"
" a good battle ud d udd ud d udd t co y qkgj gg ","joy","neutral"
" unbelievable how its still mciliv ","unknown","negative"
" tough call very clumsy u b challenge but the defender got the ball first ref maybe trying to atone for first half blunder mciliv ","unknown","negative"
" kevin de bruyne has registered assists in the premier league this season","unknown","positive"
" coutinho shapes up for a yard shot but it soars just over n n t co em e fc ","unknown","positive"
" entertainment","unknown","positive"
" goal man city liverpool mins james milner slots home from the spot after clichy had fouled firmino mciliv ","unknown","negative"
" lfc v man city","unknown","positive"
" where tf is woodburm btw mciliv ","unknown","positive"
" mciliv so much at stake city on top in game that is no classic so far more tale of missed chances t co lx zann f ","surprise","negative"
" lallana won t sleep for a few nights mciliv t co pcvfrebwaa ","unknown","positive"
" gimmefive ud d udc b ud c udffb guardiola klopp cityvlfc mciliv lfc mci t co u hud atw ","unknown","positive"
" he didn t tho u retarts","unknown","positive"
" fuck t co rswspiwsy ","unknown","positive"
" games left vs top nchelsea nman u nman city narsenal nspurs nlfc nat least points to be dropped here ","surprise","negative"
" firmino going off to slide in front of the lfc fans then looks back hahahaha n n t co x jrsunzpd ","unknown","positive"
" when was the last time we scored from a corner lfc ","unknown","neutral"
" u u b a u bbf u bb u ba u bbf u bae u bbf u b f u b a u ba u bcd u ba u bcb u bb u b u bcd u b u bb u bcd n u mciliv n u a risingstarredcarpet n u b mirchimusicawards n u c playforacause ","unknown","positive"
" here we go ud d udd ud d udd t co cuynl j ","unknown","positive"
" goal liverpool madeoffootball mciliv ","unknown","positive"
" mciliv quelle occasion pour mancity frappe de san u e repouss u e e par mignolet silva suit mais envoie son tir u ","disgust","positive"
" misses everywhere in this game lfc ","unknown","negative"
" mane motm been quite poor for me lfc ","sadness","negative"
" klopp","unknown","positive"
" utterly shocking t co p hviy x c ","unknown","negative"
" firmino going off to slide in front of the lfc fans then looks back hahahaha n n t co x jrsunzpd ","unknown","positive"
" two clear penalties not given worst ref of all time lfc ","unknown","negative"
" how many seasons has he been at liverpool ","unknown","positive"
" oh tiens un penalty pour liverpool ud d ude mciliv ","unknown","negative"
" what a game of football mciliv ","unknown","negative"
" it s good to talk the phone lines are open we are on air with amp straight after mciliv t co lb oztacts ","joy","positive"
" u u u u u u u u f u u u a u u u u u u u a u u u ","unknown","positive"
" hapa vip kwa ma legends tecnoxmcfc t co txrrwq x v ","unknown","negative"
" get in come on you redmen lfc ","sadness","negative"
" come on liverpool ","unknown","positive"
" it s awful t co sfeq lj gi ","fear","negative"
" what the heck is she putting inside n mciliv n t co fspqpux te ","unknown","negative"
" semoga hasilnya imbang biar makin nyaman di puncak mci vs liv mciliv supersoccertv cfcindo epl ","joy","positive"
" this mciliv is a great game of football and like all great games best enjoyed while you re drunk and don t care who wins ","joy","neutral"
" i swear liverpool must have the highest penalties awarded this season mciliv ","unknown","negative"
" wbd top trends russia ud c uddf ud c uddfa mar krat n u u u d u u u u u u u d u u b n change ud c udf n u u a u u u u n u u a u u u u n u u u u u a u u u a u n mciliv ud c udf n u f u u e u u u u u n n t co dvmt nfyxf ","surprise","negative"
" penalty to lfc goal to liverpool milner ","unknown","negative"
" i love you u ynwa ","joy","positive"
" pls don t bottle lfc ","unknown","positive"
" yaya toure slides in and catches emre can in the chest n n that has got to be a red card savage n n mciliv u ","unknown","negative"
" ud c udfa what a game that was lfc t co z so nrqgm ","unknown","negative"
" i think i prefer mark clattenberg to michael oliver ud d ude ud d ude mciliv ","joy","positive"
" reliable as you like lfc u bd ufe f ud d udd u aa ufe f ","joy","positive"
" origi on for coutinho lfc ","unknown","positive"
" she s beautiful n mciliv n t co ehuokskewy ","unknown","positive"
" what the heck is she putting inside n mciliv n t co kejgegsk k ","unknown","negative"
" come on city","unknown","positive"
" who missed the better opportunity mciliv ","unknown","positive"
" hopefully the second half has a goal or for the reds lfc t co o y aw fh ","unknown","positive"
" ud d ude ud d ude members of the th estate akina arsenal t co vcjcuemnfb ","unknown","positive"
" best possible way for milner to silence the boo boys lfc lead at the etihad","unknown","neutral"
" eh eh ehhh","unknown","positive"
" solid start to the second half n nlallana pulls it back for sadio","unknown","positive"
" what the heck is she putting inside n mciliv n t co i oqgvatc ","unknown","negative"
" come on boys let s get this win ","sadness","negative"
" i thought both gini amp can were immense for lfc today we saw the best of can he looks fitter amp stronger ","unknown","positive"
" jurgen klopp we could have won u we forced the keeper to make outstanding saves a point away to man city","unknown","positive"
" penalty shout lfc t co pa n bjnee ","unknown","negative"
" haters will say i m listening to mciliv game pale kiss fm n nnp distance n nomarion ","unknown","neutral"
" next season if firmino plays striker we riot smh sooo wasteful dissapointed ud d ude ud d ude lfc mciliv ","unknown","neutral"
" and we re under way at etihad stadium for mciliv n nbut which manager will be smiling at the final whistle t c u ","unknown","neutral"
" what the heck is she putting inside n mciliv n t co lz yhyjiib ","unknown","negative"
" gooooooal milnerrrr t co rfdb qsuwy ","unknown","positive"
" ag u dceroooooooooooo n mciliv ","unknown","positive"
" need to keep winning","unknown","negative"
" ht all things considered","unknown","positive"
" futboltotaldirectvbacca otro vez corner para el ","unknown","positive"
" it has everything but goals so far ud d udd ud d udd t co qx otj ","unknown","positive"
" thank you mr oliver soft pen mciliv ","joy","positive"
" they ve called it a full house at the etihad today mciliv t co uuntgamthu ","unknown","positive"
" klavan having his customary mare lfc ","unknown","positive"
" u u u u u u u u u u u u u a u c u u a u u u u u u u u u u u u u u a u u u u f u u a u u f u u a u u theviocekids mciliv u u u u u u u u u a u u u u u u u a u a u a u u a u u u u u mesaza u t co wyszgauckd ","unknown","positive"
" oh that ll another pen and red yaya","joy","positive"
" u a u u u f u a u u u u u u u u mciliv t co uilpa uhbs ","unknown","positive"
" that ll do nicely lads ","unknown","positive"
" live hd stream manchester city vs liverpool n n t co tcln reuwg u u n nsupport all devices n n cityvlfc mcfc u t co bb ufxzynv ","joy","positive"
" yes great shot by milner love how klopp doesn t watch penalty shots lfc ","joy","neutral"
" penalty shout lfc t co pa n bjnee ","unknown","negative"
" firminio celebrated to early ud d ude ud d ude lfc n n t co q glyz qr ","unknown","positive"
" u u a u u u u u a u c u a u u f u u b u u u a u u u u a u a u a u c u u u u u u u u u mciliv ","unknown","positive"
" penalty shout lfc t co pa n bjnee ","unknown","negative"
" it has everything but goals so far ud d udd ud d udd t co qx otj ","unknown","positive"
" dugarry pointe du doigt la lenteur des d u e fenses de mancity et liverpool u c a fait parfois peur u e voir ud d ude c u bd ufe f ud c uddec ud c udde u t co avsxm gh y ","unknown","positive"
" she s beautiful n mciliv n t co ca jepbmtb ","unknown","positive"
" mciliv sagna s parents need a slap for not making his first name la ","unknown","negative"
" eh eh ehhh","unknown","positive"
" when you both leave the match with a point each mciliv t co vm fimwtrf ","unknown","positive"
" that guy don t miss from yards u bd ufe f ud d udca lfc ","unknown","negative"
" a class act lfc mciliv cityvlfc milner t co xbogzdwlcy ","unknown","positive"
" ud d udd u ufe f n u b ufe f u bd ufe f ud d udd n mciliv t co rsid zwkze ","unknown","positive"
" manchester city v liverpool n nlive on hd stream all devices n n t co chgmxen rm n t co chgmxen rm n nretw u ","unknown","positive"
" come on city keep attack t co xhvxjdpo w ","unknown","negative"
" firminio celebrated to early ud d ude ud d ude lfc n n t co q glyz qr ","unknown","positive"
" lfc interesting start at the etihad stadium n nplenty of pressing from the reds","unknown","neutral"
" u mciliv n u milner n u a michael oliver n u b sterling n u c totsou n n gmt trndnl t co do hdxwcnc ","unknown","positive"
" yesss millyyyy lfc u ufe f u ufe f ","unknown","positive"
" a look at the league table and you know we needed to win this match honestly","unknown","positive"
" paddypower new custom n football epl sfc lfc n sun n middlesbrough v manutd nman united enhanced to claim u ","unknown","positive"
" this game was hard to watch for a fan of either team mciliv ","unknown","negative"
" i think we can nick this lfc ynwa ","unknown","positive"
" la r u e ponse magnifique de guardiola sur son style de jeu en pl ud d ude ud d udd ud c uddec ud c udde l enqu u eate de transversales ici u a ufe f u ","unknown","positive"
" five manchester city players around oliver after he finally gives penalty fa will presumably charge club for not contro u ","joy","neutral"
" mcfc lfc efl match report n nsergio aguero cancels out milner penalty in thrilling draw u t co khiyunc d ","unknown","positive"
" ","unknown","positive"
" mane is jokes lfc ","unknown","negative"
" come on lads ","unknown","positive"
" she s beautiful n mciliv n t co ekyxyj zgj ","unknown","positive"
" look at the state of that ground ud d ude seriously where is everyone ud d udca ud d ude ud d ude embarrassing much mciliv trampderby ","unknown","negative"
" back to it n ncome on","unknown","positive"
" you could see that coming it s all over lfc ","unknown","positive"
" to all the lfc supporters who are nervous don t be ynwa lfcfamily mciliv ","unknown","negative"
" goal man city liverpool aguero","unknown","positive"
" penalty shout lfc t co pa n bjnee ","unknown","negative"
" mciliv but pour liverpool milner transforme le penalty et lance parfaitement cette e mt ","unknown","negative"
" mcfc tweets good to see you ud d udd ud d udd t co qfaecj l x t co hsshswl lb ","joy","positive"
" dropping far too many points at home","unknown","positive"
" ud e udd ud c udffd u d u ufe f ud e udd ud c udffd u d u ufe f ud e udd ud c udffd u d u ufe f t co k snm jr ","unknown","positive"
" liverpool fans after that miss mciliv t co nwkblub p ","unknown","negative"
" ft ud d udd ud d udd n nan absorbing game at the etihad as the points are shared cityvlfc mcfc t co s xfbiweta ","unknown","negative"
" liverpool fans after that miss mciliv t co nwkblub p ","unknown","negative"
" t co h kd xzdh lfc cualquiera de los dos podr u eda ir ganando pero hasta el momento no se abre la lata ","unknown","positive"
" goal ","unknown","positive"
" it s just a goal nothing to worry about been here before","joy","neutral"
" it s boringmilner","unknown","positive"
" interesting start at the etihad stadium n nplenty of pressing from the reds","unknown","neutral"
" james milner has now scored seven goals in the premier league this season","unknown","positive"
" firmino going off to slide in front of the lfc fans then looks back hahahaha n n t co x jrsunzpd ","unknown","positive"
" awful start by just very erratic approach so far no rhythm at all ","fear","negative"
" d u e couvrez le jardin m u e morial de l etihad stadium u e mancity amp la grande tradition des supporters anglais ud d ude f u bd ufe f ud c uddec ud c udde u ","unknown","positive"
" seleccionados u a gol de el kun empata las acciones ante el liverpool t co agpy vtaw ","unknown","positive"
" it s honours even at the etihad","unknown","positive"
" great game should ve been n midfield superb amp front a defenders nightmare n mciliv ","joy","neutral"
" pure beast","unknown","negative"
" a good battle ud d udd ud d udd t co y qkgj gg ","joy","neutral"
" absolutely stunning game of football could ve been better for lfc","unknown","positive"
" what the heck is she putting inside n mciliv n t co knmdw jt ","unknown","negative"
" baseline karakanayasoka ","unknown","positive"
" what the heck is she putting inside n mciliv n t co ysx ep phm ","unknown","negative"
" watching mancity hopefully beat liverpool t co fwol qimnm ","surprise","positive"
" ud d ude ud d ude ud d ude ud d ude malana what a miss lol ujimile kodwa lomfana ud d ude ud d ude ud d ude c u bd u bd epl mancity liverpool ","unknown","negative"
" u e u e u e d u e b u e u e f u e u e c u e u e u e u e u e b u e u e u e u e u e mcfc u e u e u e u e u e u e a u e lfc u e u e u e u e b u e u e pl goalthailand u e f u e u e u e a u e d u e u e u e u e u e u e b u e u e u e u e u e t co t bdq d pa ","unknown","positive"
" great game we missed so many chances ud c udf n mciliv ynwa ","joy","neutral"
" deux penalty non siffl u e s pour city ud d ude ud d ude ud d ude mciliv ","surprise","negative"
" it seems like fernandinho likes watching the match from outside","joy","positive"
" mciliv adam lallana unbelievable miss manchester city vs liverpool t co adcmbv sa ","unknown","negative"
" pl nft u e u e u e u e u e a u e a u e u e u e d u e u e c u e b u e u e u e u e u e u e u e u e u e d u e u e c u e e u e u e n u e a u e u e d u e u e c u e a u e d u e u e a u e t co zxaucdgwgp t co oc heb pie ","unknown","positive"
" come on t co ujnr uwfq ","unknown","positive"
" watching beat t co zp to vchr ","surprise","positive"
" why are fans booing milner ","unknown","positive"
" weekend recap united with the points amp now th","unknown","positive"
" that s what you get for booing james milner","sadness","negative"
" goal man city liverpool mins james milner slots home from the spot after clichy had fouled firmino mciliv ","unknown","negative"
" ud d ude a t co uspiqpzyem ","unknown","positive"
" what what kloop says me too sure penalty lfc ","unknown","neutral"
" more than happy to take a ff battering and have a scoreless game mciliv ","joy","negative"
" hujan dah mulai reda tpi lapangan masih licin mciliv ","unknown","positive"
" cityvlfc n can t wait to watch lfc n satan ","unknown","negative"
" u a u u u u a u u f u a u u u u u u u u u u u a u u u u u mciliv t co loxr p css ","unknown","positive"
" aguero pulls one back for city mciliv ","unknown","positive"
" milneeeeerrr goooooooaaaalll mci lfc mciliv ynwa ","unknown","positive"
" mom mciliv for me was emre can ruled the midfield like a boss mciliv ","joy","positive"
" firminio celebrated to early ud d ude ud d ude lfc n n t co q glyz qr ","unknown","positive"
" mciliv trying to figure out why city fans are booing milner t co nrluhcivml ","unknown","negative"
" she s beautiful n mciliv n t co qn s ur tj ","unknown","positive"
" ud d udcaa t co rqitvmnir ","unknown","positive"
" niyanya nina ","unknown","positive"
" klavan at fault for aguero s goal ","unknown","negative"
" next up mcfc host lfc minutes until kick off watch on sky sports hd or follow t co yzowmpcnz u ","joy","negative"
" the week diet plan review nfree trial offer t co vfdk k pe n n sundaymorning lamarathon fakemarchmadnessfacts nmike hopkins mciliv ","unknown","negative"
" yes yes just one more min to go nervous t co wezfmwv u ","unknown","neutral"
" mciliv battle of snakes n nsterling vs milner ud d ude ud d ude ","unknown","negative"
" a solid shift from both sides ud d udd ud d udd t co exgngruq y ","unknown","positive"
" what the heck is she putting inside n mciliv n t co bxopqudeai ","unknown","negative"
" gameplay laju nk mampos","unknown","positive"
" a draw against lfc one of the proudest days of his managerial career","unknown","positive"
" fuuucking hell mciliv ","unknown","negative"
" fair result mancity ","unknown","positive"
" it s been a rain soaked battle so far u ufe f t co rgicluqwhk ","unknown","negative"
" and we re under way at etihad stadium for mciliv n nbut which manager will be smiling at the final whistle t c u ","unknown","neutral"
"","unknown","positive"
" eh eh ehhh","unknown","positive"
" as a chelsea fan thank you for the draw dankie san ","unknown","positive"
" battle cry t co t pjbptcbx ","unknown","negative"
" quality match could had been any score line one of the best performances by emre can i ve seen mcfclfc lfc ","anger","positive"
" how boss is milner do tha to the snake lfc ","unknown","positive"
" lfc the reds look for a swift response but firmino s drive crashes into the side netting n n t co daob ikzfm ","unknown","positive"
" haha c est n importe quoi mciliv ","joy","positive"
" liverpool vs manchester city player ratings mciliv let me know your player ratings n n t co dxlyfrloqm ","unknown","positive"
" no fan can never again say that they sell out their games that s a shameful attendance for such an important game ","unknown","negative"
" eh eh ehhh","unknown","positive"
" tell em to stop bottling clear chances ","unknown","positive"
" ft n nspectacular match ud d udc f t co uiwgig tne ","unknown","positive"
" live match mancity vs liverpool masih alot di babak i t co awhpzafge ","joy","positive"
" mmmmm here we go transparent ud d ude t co zlu lsa wh ","unknown","positive"
" paddypower football nufc n lufc afc n premierleague mufc lfc n mcfc avfc spurs efc nbet u a get u a nclaim gt u ","sadness","negative"
" brazilian combination lfc ","unknown","positive"
" u u b a u bbf u bb u ba u bbf u bae u bbf u b f u b a u ba u bcd u ba u bcb u bb u b u bcd u b u bb u bcd n u risingstarredcarpet n u a play for a cause n u b rsmma n u c mciliv ","unknown","positive"
" firmino going off to slide in front of the lfc fans then looks back hahahaha n n t co x jrsunzpd ","unknown","positive"
" only one team winning this and it s not ","unknown","positive"
" any man city fans","unknown","positive"
" u n n t co is rawtnf ","unknown","positive"
" mancity need to buy fans n legends summer ud e udd mciliv ","unknown","negative"
" u n n t co is rawtnf ","unknown","positive"
" jurgen klopp we could have won u we forced the keeper to make outstanding saves a point away to man city","unknown","positive"
" did you donate your balls to charity tf is wrong with yall ","unknown","neutral"
" the games between klopp and guardiola are the most entertaining encounters in world football mciliv ","unknown","positive"
" this is easy to win mcfc ","unknown","positive"
" she s beautiful n mciliv n t co rciddb l i ","unknown","positive"
" ud d udcf james milner makes it ufe f u e out of ufe f u e from the u aa ufe f this season n nit s man city liverpool mins mciliv u ","unknown","positive"
" ramalan abang man city menang mudah dengan liverpool n nmancity liverpool n n k atas meja ","unknown","positive"
" we re back under way at the etihad n nwill it be klopp or guardiola who shows everyone who s boss mciliv t co u ","unknown","negative"
" can we wake up lads mciliv ","unknown","positive"
" ud d ude acho que o mascote gostou da muito carisma nsiga x ao vivo e exclusivo na espn e watchesp u ","unknown","positive"
" seru","unknown","positive"
" mais lallana t as pas le droit s u e rieux sfrsport mciliv ","unknown","positive"
" it s been a fine first half","unknown","positive"
" gooooooaaaaaaalll lfc mciliv ","unknown","positive"
" come on t co ujnr uwfq ","unknown","positive"
" i am the only one who thought lfc was shit ","unknown","positive"
" liverpool lead nmilner slots home a penalty for the reds n ","unknown","neutral"
" it s honours even at the etihad","unknown","positive"
" i still love you liverpool u ufe f u ufe f u ufe f lfc ","joy","positive"
" on cue clyne does a clyne n mcfcvlfc ","unknown","positive"
" india in pole position with aussies manchesterunited won mciliv draw louisville lost hoping for a uk win to make it a perfect day ","unknown","negative"
" sickner","unknown","positive"
" don t get too excited my boy went the darkside to utd at about after watching lfc with me loads till then ud d ude x ","sadness","negative"
" good point for liverpool could have won it with firmino amp especially lallana but hanging on for last minutes lfc ","joy","neutral"
" karakanayasoka kinangop ndaaaaani kabixaa ","unknown","positive"
" u e u e points lfc have won in games against the top six this season n n u e u e points lfc have won in games a u ","surprise","positive"
" unbeaten against the top n nyou have got to hand it to us n nbig team and even bigger heart lfc ","joy","positive"
" wijnaldum ud d ude d ud d ude d n mciliv ","unknown","positive"
" i wish our brazilians were on form nothing of of note for months swansea apart for firmino lfc ","unknown","neutral"
" mciliv l u e norme r u e action wtf de guardiola apr u e s une faute offrant un superbe check avec klopp ud d ude ud d udc a ud d ude d pl cc u ","unknown","positive"
" goooaaal kun aguero mciliv t co l etcr ssd ","unknown","positive"
" she s beautiful n mciliv n t co decsbzniff ","unknown","positive"
" liverpool fans looking at adam lallana mciliv t co vgiekd ont ","unknown","positive"
" did not wish yaya toure on his birthday this year as well nhe seems to be in mainnahinkhelta mode n mciliv ","unknown","positive"
" goal man city liverpool mins sergio aguero latches on to a low de bruyne cross to fire past mignolet mciliv ","sadness","negative"
" ud d ude ud d ude ud d ude ud d ude d clichy mciliv ","unknown","positive"
" penaltypool t co ufywg m ","unknown","positive"
" left back t co ljxljq oxy ","unknown","negative"
" literally t co bgbcadf ji ","unknown","positive"
" five manchester city players around oliver after he finally gives penalty fa will presumably charge club for not contro u ","joy","neutral"
" don t forget to click here to browse awesome lfc merchandise on amazon t co tr zbypsb t co zkzh b e t ","unknown","neutral"
" t co e dli gxv n n mybaselineis n coys n mciliv n cnnsotu n makeafilmsosad n unitednychalf n flowerreport ","unknown","positive"
" gooooooal milnerrrr t co rfdb qsuwy ","unknown","positive"
" kampen manchester city liverpool er startet f u f lg kampen her t co to ugerz u mcfclfc pldk mcfc lfc ","unknown","positive"
" jurgen klopp we could have won u we forced the keeper to make outstanding saves a point away to man city","unknown","positive"
" firmino going off to slide in front of the lfc fans then looks back hahahaha n n t co x jrsunzpd ","unknown","positive"
" it s boringmilner","unknown","positive"
" only barca fans will understand this nthey played well nfinishing cost them so much t co h tlii vk ","unknown","positive"
" il croque","unknown","positive"
" aaaaaaaaaaaaaa mciliv ","unknown","positive"
" milner tucks the penalty away after getting abuse all game lfc t co xzr x pl ","unknown","negative"
" imagine if we had a clinical striker","unknown","positive"
" mancity fouls cards nliverpool fouls cards n nseems fair ","unknown","positive"
" what the heck is she putting inside n mciliv n t co tzroahg py ","unknown","negative"
" fascinating to watch mcfc v lfc great game of soccer football ","joy","neutral"
" it s honours even at the etihad","unknown","positive"
" penalty liverpool shock mciliv ","unknown","negative"
" i can t watch this game again ud d ude ud c udffd u d u ufe f ud d ude ud d ude mciliv ","unknown","negative"
" firmino leads the line today ud d udd t co jsgeohdkb ","unknown","positive"
" what would be the best result for united mufc mcfc lfc ","unknown","positive"
" rt bmrisingtv remember lfc hate sterling because he reminded them they re not a big club anymore ","anger","negative"
" fuck we atleast deserved a win mciliv ","unknown","positive"
" emre can is playing superb motm so far for me lfc ","unknown","positive"
" vc ta de brincation with me ","unknown","positive"
" i would always give that as a pen high boot endangering firmino mciliv ","anger","positive"
" madness nthunderous nphysical n n attempts to sum up a thrilling draw between mcfc and lfc u ","anger","neutral"
" mancity saved by a willy ud d ude ud d ude ud d ude mciliv ","unknown","positive"
" that s what city get for booing him ud d ude d ud d ude lfc ","sadness","negative"
" u e u e u e u e b u e u e u e u e u e u e u e u e u e u e u e u e u e u e u e u e u e u e e u e u e u e u e u e u e u e u e u e u e u e u e u e lfc lfcthai ","unknown","positive"
" msolokombooooooooooooo ","unknown","positive"
" cool as it gets n nmilner sends caballero the wrong way to give us the lead from the spot ud c udfaf n n t co ftdiveaavc ","unknown","negative"
" fellaini ud e udd u ufe f nyoung assist u ufe f nlingard ud e udd u ufe f nvalencia ud e udd u ufe f n st team to reach pl wins u ufe f n nars lost u ufe f nlfc drop points u ufe f u ","unknown","negative"
" what a ball that was mind turned it on when he needed to there could go either way this now attackattackattack debruyne mciliv ","unknown","negative"
" can and gini were brilliant rest were ok coutinho honestly has me worried can t remember his last absolute stormer l u ","unknown","negative"
" five manchester city players around oliver after he finally gives penalty fa will presumably charge club for not contro u ","joy","neutral"
" agueros volley mciliv t co jwqhxkzl o ","unknown","positive"
" fernandinho is a great holding midfielde n n mciliv ","joy","positive"
" michigan clichy enlatercera lamarathon mesaza dfcoasse mciliv n t co yd ldb k l ","unknown","positive"
" finely balanced affair so far almost catches mignolet out with a fierce cross from the left u ","unknown","negative"
" the game will end with or players mciliv ynwa ","unknown","neutral"
" what the heck is she putting inside n mciliv n t co knmdw jt ","unknown","negative"
" here we go ud d udd ud d udd t co cuynl j ","unknown","positive"
" chyba mancity ","unknown","positive"
" good point lfc take that all day great game of football u bd ","joy","neutral"
" top n alex harvey n sundayfunday n cam braes n mciliv n myretirementplanis ","surprise","positive"
" she s beautiful n mciliv n t co yrkgedgrsv ","unknown","positive"
" firmino going off to slide in front of the lfc fans then looks back hahahaha n n t co x jrsunzpd ","unknown","positive"
" ud d udcf sergio aguero celebrates man city s equaliser against liverpool n nit s with mins remaining mciliv t c u ","unknown","positive"
" lallana","unknown","positive"
" la r u e ponse magnifique de guardiola sur son style de jeu en pl ud d ude ud d udd ud c uddec ud c udde l enqu u eate de transversales ici u a ufe f u ","unknown","positive"
" huge chance s for city","unknown","positive"
" ft ud d udd ud d udd n nan absorbing game at the etihad as the points are shared cityvlfc mcfc t co s xfbiweta ","unknown","negative"
" finisce in parit u e all etihad","unknown","positive"
" yellow for toure after a terrible foul on can lfc ","disgust","negative"
" for gods sake come on ","unknown","positive"
" what a way to take in what s your plonnbc setup t co lhc fiwkkg ","unknown","negative"
" goal city are level great ball in from de bruyne and there s aguero to make it five goals in five home league gam u ","joy","positive"
" lallana has got himself what is undeniably the miss of the month so far ","unknown","negative"
" the better sas n nsturridge amp suarez nor nsterling","unknown","neutral"
" is right","unknown","positive"
" what the heck is she putting inside n mciliv n t co ef paptj ","unknown","negative"
" eh eh ehhh","unknown","positive"
" how good is this game by the way two attacking teams going for the win you hardly ever see it in football anymore u ","joy","negative"
" live match mancity vs liverpool masih alot di babak i t co baqa bei t co bmpppj jk ","joy","positive"
" sport weekend man city vs liverpool come on football ","unknown","positive"
" sends off for f ck all but this from yaya toure is ok round of applause ud d udc f ud c udffc for michael oliver u ","unknown","positive"
" aguero wins free kick n plfans n mciliv ","joy","negative"
" agueros had a shit game scored one","unknown","negative"
" yes how the fuck did that stay out lfc ","unknown","positive"
" betfred best offer rugbyleague n mufc mcfc lfc wba nbetfred welcome offer nbet u a get u a nin bonus funds claim gt u ","sadness","positive"
" lfc have had penalties in the league this season","unknown","positive"
" lfc how can sky not mention toure right foot ft off floor into can chest if that s our player he s off ","unknown","negative"
" it s boringmilner","unknown","positive"
" great game should ve been n midfield superb amp front a defenders nightmare n mciliv ","joy","neutral"
" ud d udcf sergio aguero celebrates man city s equaliser against liverpool n nit s with mins remaining mciliv t c u ","unknown","positive"
" fucking shit ","unknown","positive"
" it has everything but goals so far ud d udd ud d udd t co qx otj ","unknown","positive"
" what the heck is she putting inside n mciliv n t co ndsjxmme x ","unknown","negative"
" happy n mciliv t co vc yatqh ","joy","positive"
" do something uglies ","unknown","positive"
" two good attacks","joy","positive"
" gooooooal milnerrrr t co rfdb qsuwy ","unknown","positive"
" he never changes jurgen klopp when milner took the penalty lfc t co qnj ztazzn ","unknown","negative"
" sterling mciliv lmao t co qg ct nqb ","unknown","positive"
" ft ud d udd ud d udd n nan absorbing game at the etihad as the points are shared cityvlfc mcfc t co s xfbiweta ","unknown","negative"
" goal man city liverpool mins sergio aguero latches on to a low de bruyne cross to fire past mignolet mciliv ","sadness","negative"
" liverpool need to keep the energy levels up man city will be show the effects of a midweek game in the second half n lfc coyr u ","unknown","negative"
" t co q w w qa live match mancity vs liverpool masih alot di babak i kedua tim bertemu di u t co uteudueug ","joy","positive"
" u u b u u u u u u u u u u n n u u a u u u u u u u u u u u a u u u a u a u a n u a u u f u u u u a u a u a mcfc n u u a u u u u u lfc t co i y iji ","unknown","positive"
" what the heck is she putting inside n mciliv n t co sqxeehwqnr ","unknown","negative"
" big twenty minutes to come ud d udc a ud d udc a t co gsjbumam f ","unknown","positive"
" hoho t co pqakjgckyd ","unknown","positive"
" goal manchester city liverpool sergio ag u fcero always scores against liverpool at the etihad great game this u ","joy","neutral"
" betvictor new custom n epl efc afc nbet u a get u a n football golf n lfc mcfc mufc nentry k goldengoal claim gt u t co tabkcwft ","sadness","negative"
" we need to score lads lfc ","anger","negative"
" a thoroughly entertaining contest ends with a share of the points ud d udd ud d udd t co h nnhkmg q ","unknown","positive"
" jangan kasih kendor","unknown","positive"
" well played from these city fans ud d udc f ud c udffc ud d udc f ud c udffc n lfc mciliv t co qon qtdoad ","unknown","positive"
" ft man city liverpool n nand breathe n nit ends all square what a game t co epjzspfppi mciliv t co odn u ","unknown","neutral"
" celebrations lfc mciliv cityvlfc milner t co vsixrrvff ","unknown","positive"
" firmino going off to slide in front of the lfc fans then looks back hahahaha n n t co x jrsunzpd ","unknown","positive"
" u u u u u u c u u u u u a u u u u u u a u a u a u u u a u u u u u u a u u a u u a u u u u a u u u f u u u u u a u c u u u a u u f u u u u b u u n n mciliv t co njeeltcs ","unknown","positive"
" another penalty shout lfc t co wxxm r ya ","unknown","negative"
" why can t you ever finish nwhy just why n mciliv mcfc ","unknown","positive"
" cool as it gets n nmilner sends caballero the wrong way to give us the lead from the spot ud c udfaf n n t co ftdiveaavc ","unknown","negative"
" keep working ud d udcaa t co x y em adg ","unknown","positive"
" what a frantic game with some sublime attacking play ud d udd u bd ud d udc f ud c udffb t co yx s m ","unknown","negative"
" i see a red card making an appearing in this game mciliv ","unknown","negative"
" ligapremiertd al u a atajad u f n en un mano a mano ante ","unknown","positive"
" aguero equalizes mciliv ","unknown","positive"
" gary neville in regards to it being a deserved pen yes it was stfu coyr ","joy","positive"
" best possible way for milner to silence the boo boys lfc lead at the etihad","unknown","neutral"
" karakanayasoka goooal anakiramba kimia penanti sasa ni t u ","unknown","positive"
" mciliv ce match prend compl u e tement feu ud d udd ud d udd ud d udd gros temps fort de liverpool","unknown","positive"
" v are will there be a gole in the last mins how do you think will win win lose draw ","unknown","neutral"
" what the heck is she putting inside n mciliv n t co kejgegsk k ","unknown","negative"
" can t say it wasn t coming lfc ","unknown","positive"
" missing alot of chances ynwa n mciliv ","unknown","positive"
" klopp can t watch ud d ude milner s penalty fires lfc into the lead follow all the action live on sky sports hd now u ","joy","negative"
" it s boringmilner","unknown","positive"
" a draw is better than a loss but lallana","unknown","neutral"
" ud d udcaa t co isvbhvcsvz ","unknown","positive"
" ft brillaint game n n mancity liverpool n nread allabout it","unknown","negative"
" goal u u a aguero nassist u u a de bruyne n nman city liverpool mins mciliv fpl ","unknown","positive"
" so close to capping off a great move n na deft chip over the top is met by a firmino pull back","joy","positive"
" it s the same every time michael oliver referee s a game can t understand why he was given a game like this mciliv ","joy","positive"
" make that ufe f u e mcfc t co aan jwlxs ","unknown","positive"
" ud d udcf sergio aguero celebrates man city s equaliser against liverpool n nit s with mins remaining mciliv t c u ","unknown","positive"
" mciliv adam lallana unbelievable miss manchester city vs liverpool t co adcmbv sa ","unknown","negative"
" de bruyne has taken his foot off the gas for quite some time","unknown","negative"
" both lfc bookings were soft oliver has reacted to the theatrics amp not the actual challenge city players don t make it eas u ","unknown","negative"
" wow lallana you absolute ud e udd mciliv ","unknown","positive"
" the hook did it for firmino mciliv ","unknown","positive"
" nd half underway coyr lfc ","unknown","positive"
" goal milner n n n n lfc mciliv ","unknown","positive"
" what the heck is she putting inside n mciliv n t co fzn bqz mj ","unknown","negative"
" come on city","unknown","positive"
" you know michael oliver s having a shit game when gneville says liverpool bookings were soft lfc ","unknown","neutral"
" pas besoin de beaucoup de buts pour voir du spectacle j avais pas pris autant mon pied devant un match de pl depuis un moment mciliv ","unknown","positive"
" yaaaaassssssss t co wmhijhgiz ","unknown","positive"
" gooooooal milnerrrr t co rfdb qsuwy ","unknown","positive"
" cfc new manager nthfc newish manager nmcfc new manager nlfc new manager nunited new manager narsenal ud d udc neverton new manager ","unknown","positive"
" gooooooal milnerrrr t co rfdb qsuwy ","unknown","positive"
" great penalty by milner mciliv ynwa redordead ","joy","neutral"
" u liverpool have to win o ","unknown","positive"
" just imagine the cb pairing of matip amp van djik n lfc ","unknown","positive"
" how is that not a sell out shameful ","unknown","negative"
" a thoroughly entertaining contest ends with a share of the points ud d udd ud d udd t co h nnhkmg q ","unknown","positive"
" ht mancity lfc ","unknown","positive"
" u elumahenakganteng n u revisipm n u a mciliv n u b my name is khan n u c coys n n wib trndnl t co j uq quzv ","unknown","positive"
" p u canaltiiiiiiiiiiiiiiiiiiiiiii para o ","unknown","positive"
" coutinho dikeluarkan dan divock origi dimasukkan n nmci lfc mciliv ynwa ","anger","positive"
" mciliv u eakamisiniz ya gol atmamak icin bu kadar ugrasilirmi ud d ude ","unknown","positive"
" gooooooal milnerrrr t co rfdb qsuwy ","unknown","positive"
" goodbye pep hello pellegrini","joy","positive"
" one day we might get a penalty in a big game ","sadness","negative"
" you don t say t co ou q ihgu ","unknown","positive"
" malah salaman wkwkwkwk mciliv ","unknown","positive"
" so close n nroberto races through but his shot is saved n n t co pfaqxry ev ","joy","negative"
" no wonder lalanna was playing for england funnyyyy man you ll never win leagues with these fellas ","surprise","positive"
" san u e centre u e ras de terre et milner la sort en corner heureusement car sterling u e tait derri u e re mciliv ","unknown","positive"
" thought emre can was a stand out performer today lfc ","unknown","positive"
" scored too early ","unknown","positive"
" we need reinforcements proper footballers maybe or quality players lfc ","unknown","neutral"
" all i know is if lfc are not in the top come may","surprise","positive"
" come on boys u ufe f mciliv ","unknown","positive"
" michael oliver in that st half handing yellow cards like n n mciliv t co vxt pvkh ","joy","positive"
" mciliv aguero goes close with a header ","joy","negative"
" i hope the players are watching men play soccer strong lads mcfc vs lfc ","unknown","positive"
" dope sentence construction lemme read all the books in this world and i still won t be able to construct such beau u t co e lpyygg ","unknown","positive"
" come on t co ujnr uwfq ","unknown","positive"
" iki g u fcnd u fcr y u fcz u fcm g u fcl u fcyor t co u ccr m lfc ","unknown","positive"
" klavan","unknown","positive"
" lol blatantly not properly watching the clip for rts gd t co omhiu sowv ","unknown","negative"
" mciliv sorry not scoring into a empty net","sadness","negative"
" que raro t co ugxz wluo ","unknown","positive"
" penalty to liverpool u mciliv ","unknown","negative"
" it s been a rain soaked battle so far u ufe f t co rgicluqwhk ","unknown","negative"
" come on boys","unknown","positive"
" sterling lallana sergio ud d ude ud d ude ud d ude mcfcvlfc mciliv n ud c udf b ud c udf b ","unknown","positive"
" james milner ice cold n to lfc ","unknown","negative"
" man city vs liverpool live streaming t co clcu s w online hd n mciliv stream nmciliv stream online nmci u ","joy","positive"
" oh yes lfc t co ugo yd nmm ","unknown","positive"
" such a bitchy tweet ud d ude ud d ude ud d ude ud d ude t co pstnoaydyq ","unknown","negative"
" este homem u e lindo","joy","positive"
" sport treble odds premierleague golf tennis nget x the odds football amp any sport n lfc mcfc efc claim gt u t co sqg he thc ","unknown","positive"
" what the heck is she putting inside n mciliv n t co mkwjsjsfh ","unknown","negative"
" come on t co ujnr uwfq ","unknown","positive"
" if that s lfc s bad patch over and hopefully it is ","sadness","neutral"
" this game got me moving up and down mciliv ","unknown","neutral"
" gooooooal milnerrrr t co rfdb qsuwy ","unknown","positive"
" what the heck is she putting inside n mciliv n t co ynscpkflcz ","unknown","negative"
" boooooom n n lfc mcfcvlfc t co excheo u ","unknown","positive"
" ht ud d udd ud d udd n nentertainment","unknown","positive"
" watching vs and you can t even blink exciting game mciliv t co ylfb gaxj ","joy","neutral"
" trend alert mciliv more trends at t co tt oimhu trndnl t co pswowjx uf ","fear","positive"
" i did tell you all that lallana was nothing more that a soap model mciliv ","unknown","positive"
" ud d udd u ufe f n u b ufe f u bd ufe f ud d udd n mciliv t co rsid zwkze ","unknown","positive"
" klub kaya pelatih mahal pemain mahal","unknown","positive"
" scandalous t co ymj a yzib ","unknown","negative"
" just seen this theo is missing being there but thinks he s there i spirit he predicted another win ","unknown","positive"
" goal man city liverpool aguero t co vgsdk xcr mciliv ","unknown","positive"
" what the heck is she putting inside n mciliv n t co j kzblme ","unknown","negative"
" oh dear aguero that was match right there","unknown","positive"
